{"Eyh3S5rkPz2iSYdWWTPKKg==":"tax%20paramo%20png-3850x1619.png","oxT9hiXbUJv79chIZ4DLLw==":"fondoarmenia-1600x1067.jpg","DwAC11N7rvNniSMHbYbe+Q==":"mbr-1620x1080.jpg","jFgGH3h9SejO4UXc8CDpHw==":"mbr-1920x1080.jpg","1IW715m7dQ2+ThBNpPUgOw==":"02.jpg","+bmxAU+MtycAaNWgUgBqrQ==":"imagen-641x640.png","3dZZmgRP/wKC/nhwDk68Bw==":"taxi-503x504.png","/OO+rZEeYxr3z7FTaZvb7w==":"autobus-503x504.png","dugSOCnMiU5oQdGvN0gGkw==":"mbr-1-1620x1080.jpg","kT+t5v9np/7vPP0KD0SFUA==":"mbr-1623x1080.jpg","jyGYmaeD75Y9hSOzsIkWFQ==":"mbr-1-1920x1080.jpg","MvuvOkgzOOVB6Q9fjxYCIQ==":"mbr-2-1920x1080.jpg","ZlwH+iQxDAnmVCInt4zFLQ==":"mbr-1622x1080.jpg","GeMDN6lISFHPFmtZAF0NUQ==":"mbr-2-1620x1080.jpg","rGybd6Q5nwkUAAl94bcamA==":"mbr-3-1620x1080.jpg","gSNvbkUMzHpCzoVOUCplsg==":"mbr-4-1620x1080.jpg","syQh4pcb4AYnnhv3AjygKw==":"mbr-720x1080.jpg","zRwdy4ltfRH1nfQG2nIDMQ==":"mbr-5-1620x1080.jpg","3qjmfDRtzPFvx62PmaOveA==":"mbr-6-1620x1080.jpg","mglJ7aI4Erog499Kwz/tRw==":"mbr-7-1620x1080.jpg","MKKHbd8svfK+9jwJYSZTpQ==":"mbr-8-1620x1080.jpg","M472CKKlPCNg16KeM9EKrg==":"mbr-1518x1080.jpg","n1LN6R7JewFiXAyVJEO7uw==":"mbr-9-1620x1080.jpg","jDdfbuPd+yYR7j9ORRBdeg==":"mbr-10-1620x1080.jpg","KdUzjqcY5ZzjiW8BZQOxgg==":"mbr-11-1620x1080.jpg","0+hggvRwwnKNrMyrGQ6qVg==":"mbr-12-1620x1080.jpg","Wue+nHjToj+UBocL7UT5oA==":"mbr-13-1620x1080.jpg","dZJVdkekXjHwILQdyu+mkA==":"21617905_10212922549675006_4997157685099567683_n-1600x1067.jpg","O6Atu2HEGic1YNmqAuxyFg==":"mbr-3-1920x1080.jpg"}